Lib,nbDepsUsedClasses,nbDepsBloatedClasses,nbLibUsedClasses,nbLibBloatedClasses,nbLibUsedMethods,nbLibBloatedMethods,nbDepsUsedMethods,nbDepsBloatedMethods
belerweb_pinyin4j_2.5.0,0,0,77,9,246,179,0,0
str4d_ed25519-java_0.1.0,0,0,29,2,0,0,0,0
str4d_ed25519-java_0.2.0,0,0,32,1,192,47,0,0
str4d_ed25519-java_0.3.0,0,0,32,1,197,48,0,0
chrisoei_JCIP_1.0,0,0,4,0,0,0,0,0
github-api_github-api_1.79,0,2271,122,116,50,35,0,0
github-api_github-api_1.69,0,2242,102,107,42,28,0,0
github-api_github-api_1.59,258,3316,59,78,28,22,698,535
github-api_github-api_1.68,0,2178,99,99,41,29,0,0
github-api_github-api_1.94,26,2965,211,116,84,40,207,480
github-api_github-api_1.44,310,1537,13,69,7,24,328,1535
github-api_github-api_1.90,26,2704,200,110,82,39,203,484
mimno_Mallet_2.0.8,0,0,0,0,0,0,0,0
apache_commons-validator_1.6,0,1450,75,2,0,0,0,0
apache_commons-validator_1.5.1,0,1450,72,2,0,0,0,0
apache_commons-validator_1.4.0,178,352,65,2,582,119,476,468
apache_commons-validator_1.5.0,0,1450,72,2,0,0,0,0
apache_commons-validator_1.4.1,192,1254,66,2,595,118,477,468
EsotericSoftware_kryo_2.20,38,120,89,15,520,128,119,187
EsotericSoftware_kryo_2.23.0,40,84,137,19,827,265,113,170
EsotericSoftware_kryo_2.22,36,78,130,17,800,256,105,168
EsotericSoftware_kryo_2.24.0,40,84,146,24,849,314,111,180
EsotericSoftware_kryo_2.21,38,120,89,15,521,129,119,187
alibaba_fastjson_1.2.33,0,0,0,0,0,0,0,0
alibaba_fastjson_1.2.7,29,2910,220,41,1466,65,151,359
alibaba_fastjson_1.2.9,29,2910,170,41,1216,98,152,358
alibaba_fastjson_1.2.14,1057,4143,188,28,1444,92,5459,5743
alibaba_fastjson_1.2.21,1211,6258,208,52,1481,98,6513,5970
alibaba_fastjson_1.2.16,1067,6402,205,52,1454,96,5497,5827
alibaba_fastjson_1.2.22,1216,6253,208,52,1482,99,6532,5992
alibaba_fastjson_1.2.41,1711,9953,244,58,1658,143,9270,8447
alibaba_fastjson_1.2.46,1711,9953,244,58,1671,145,9270,8447
alibaba_fastjson_1.2.40,1711,9953,244,58,1655,142,9270,8447
alibaba_fastjson_1.2.56,1892,13415,262,52,1923,155,10407,10547
alibaba_fastjson_1.2.37,1710,9954,241,58,1633,130,9267,8421
alibaba_fastjson_1.2.57,1872,13435,265,52,1939,160,10149,10600
alibaba_fastjson_1.2.44,1711,9953,244,58,1667,145,9271,8446
alibaba_fastjson_1.2.61,0,0,0,0,0,0,0,0
alibaba_fastjson_1.2.58,1949,12021,21,27,1946,162,10593,10882
alibaba_fastjson_1.2.12,1057,4143,184,28,1417,92,5459,5743
alibaba_fastjson_1.1.37,1710,9954,241,58,1633,130,9266,8422
alibaba_fastjson_1.2.7.sec01,29,2910,220,41,1480,65,151,359
alibaba_fastjson_1.2.62,1953,12090,21,27,1960,172,10603,10881
alibaba_fastjson_1.2.8,29,2910,221,41,1475,68,151,359
alibaba_fastjson_1.2.18,1211,6258,208,52,1478,97,6507,5976
alibaba_fastjson_1.2.47,1719,10201,247,59,1686,145,9310,8542
alibaba_fastjson_1.2.51,1869,10298,257,53,1857,149,10304,10249
alibaba_fastjson_1.2.59,1949,12094,21,27,1949,161,10593,10882
alibaba_fastjson_1.2.20,1211,6258,208,52,1478,97,6511,5972
alibaba_fastjson_1.2.36,1701,9963,240,58,1625,129,9110,8501
alibaba_fastjson_1.2.31,0,0,0,0,0,0,0,0
alibaba_fastjson_1.1.41,1711,9953,244,58,1655,142,9270,8447
alibaba_fastjson_1.2.38,1710,9954,243,58,1648,135,9266,8422
alibaba_fastjson_1.2.15,1065,6164,204,52,1452,93,5488,5826
alibaba_fastjson_1.2.45,1711,9953,244,58,1670,145,9270,8447
alibaba_fastjson_1.2.23,1216,6253,208,52,1484,99,6534,5990
alibaba_fastjson_1.2.35,0,0,0,0,0,0,0,0
alibaba_fastjson_1.2.42,1711,9953,244,58,1662,144,9270,8447
alibaba_fastjson_1.2.55,0,0,0,0,0,0,0,0
alibaba_fastjson_1.2.32,0,0,0,0,0,0,0,0
alibaba_fastjson_1.2.13,1057,4143,186,28,1428,92,5459,5743
alibaba_fastjson_1.2.10,335,4891,171,42,1196,104,1488,2125
alibaba_fastjson_1.2.48,0,0,0,0,0,0,0,0
alibaba_fastjson_1.2.54,1874,10293,261,53,1873,151,10332,10260
alibaba_fastjson_1.2.17,1071,6398,205,52,1454,96,5574,5765
alibaba_fastjson_1.2.34,0,0,0,0,0,0,0,0
asomov_snakeyaml_1.24,0,0,208,3,1037,53,0,0
asomov_snakeyaml_1.18,0,0,204,3,960,41,0,0
asomov_snakeyaml_1.11,0,0,203,1,958,48,0,0
asomov_snakeyaml_1.15,0,0,207,3,1023,50,0,0
asomov_snakeyaml_1.17,0,0,0,0,0,0,0,0
asomov_snakeyaml_1.16,0,0,200,1,936,44,0,0
asomov_snakeyaml_1.13,0,0,204,1,966,49,0,0
asomov_snakeyaml_1.19,0,0,207,3,1023,50,0,0
asomov_snakeyaml_1.23,0,0,208,3,1030,52,0,0
maxmind_GeoIP2-java_2.3.1,108,2712,34,1,29,3,265,396
maxmind_GeoIP2-java_2.9.0,0,0,0,0,0,0,0,0
maxmind_GeoIP2-java_2.12.0,0,0,0,0,0,0,0,0
maxmind_GeoIP2-java_0.4.1,108,5980,27,4,32,2,264,394
maxmind_GeoIP2-java_2.8.1,0,0,0,0,0,0,0,0
maxmind_GeoIP2-java_2.1.0,108,2662,33,1,29,3,265,396
maxmind_GeoIP2-java_2.13.1,0,0,0,0,0,0,0,0
killme2008_xmemcached_2.2.0,0,2175,269,67,621,611,0,0
perwendel_spark_1.1.1,326,1052,37,4,84,49,1132,1226
perwendel_spark_1.1,326,1052,36,5,83,50,1074,1284
perwendel_spark_2.3,2,2038,82,7,92,100,1,9
perwendel_spark_2.0.0,310,1068,37,4,79,49,1032,1220
apache_commons-codec_1.6,0,0,73,3,482,32,0,0
apache_commons-codec_1.11,0,0,92,4,0,0,0,0
apache_commons-codec_1.7,0,0,81,4,563,40,0,0
apache_commons-codec_1.4,0,0,30,0,309,3,0,0
apache_commons-codec_1.8,0,0,82,4,0,0,0,0
apache_commons-codec_1.9,0,0,81,4,570,40,0,0
apache_commons-codec_1.10,0,0,87,5,655,46,0,0
apache_commons-codec_1.5,0,0,43,0,360,9,0,0
JodaOrg_joda-time_2.9.4,0,40,246,1,0,0,0,0
JodaOrg_joda-time_2.10.3,0,40,246,1,0,0,0,0
JodaOrg_joda-time_2.9.9,0,40,246,1,0,0,0,0
JodaOrg_joda-time_2.8.2,0,40,245,1,0,0,0,0
JodaOrg_joda-time_2.9.3,0,40,245,1,0,0,0,0
JodaOrg_joda-time_2.10.1,0,40,246,1,0,0,0,0
JodaOrg_joda-time_2.9,0,40,245,1,0,0,0,0
JodaOrg_joda-time_2.1,0,40,226,2,0,0,0,0
JodaOrg_joda-time_2.4,0,40,237,2,0,0,0,0
JodaOrg_joda-time_2.6,0,40,243,1,0,0,0,0
JodaOrg_joda-time_2.5,0,40,242,1,0,0,0,0
JodaOrg_joda-time_2.8,0,40,245,1,0,0,0,0
JodaOrg_joda-time_2.7,0,40,244,1,0,0,0,0
JodaOrg_joda-time_2.9.2,0,40,245,1,0,0,0,0
JodaOrg_joda-time_2.8.1,0,40,245,1,0,0,0,0
JodaOrg_joda-time_2.2,34,6,227,2,0,0,50,48
JodaOrg_joda-time_2.10.5,0,97,246,1,0,0,0,0
JodaOrg_joda-time_2.9.1,0,40,245,1,0,0,0,0
JodaOrg_joda-time_2.10,0,40,246,1,0,0,0,0
JodaOrg_joda-time_2.9.5,0,40,246,1,0,0,0,0
JodaOrg_joda-time_2.10.4,0,40,246,1,0,0,0,0
JodaOrg_joda-time_2.3,0,40,230,2,0,0,0,0
JodaOrg_joda-time_2.0,0,40,246,1,0,0,0,0
JodaOrg_joda-time_2.9.7,0,40,246,1,0,0,0,0
JodaOrg_joda-time_2.9.6,0,40,246,1,0,0,0,0
javatuples_javatuples_1.1,0,0,26,0,24,495,0,0
javatuples_javatuples_1.2,0,0,26,0,34,601,0,0
apache_commons-io_2.0.1,0,0,103,1,907,124,0,0
apache_commons-io_2.1,0,0,103,1,934,124,0,0
apache_commons-io_2.4,0,0,108,2,1052,111,0,0
apache_commons-io_2.6,0,0,126,1,0,0,0,0
apache_commons-io_1.3.2,0,0,57,2,355,39,0,0
apache_commons-io_2.5,0,0,121,2,0,0,0,0
apache_commons-io_2.2,0,0,106,2,993,116,0,0
apache_commons-io_1.4,0,0,74,2,434,49,0,0
apache_commons-io_1.3,0,0,56,2,349,32,0,0
apache_commons-io_2.3,0,0,107,2,1035,110,0,0
apache_commons-io_2.0,0,0,103,1,905,125,0,0
apache_commons-io_1.3.1,0,0,56,2,349,32,0,0
RuedigerMoeller_fast-serialization_1.58,0,0,0,0,0,0,0,0
RuedigerMoeller_fast-serialization_2.29,0,0,0,0,0,0,0,0
RuedigerMoeller_fast-serialization_2.50,0,0,0,0,0,0,0,0
RuedigerMoeller_fast-serialization_2.47,0,0,0,0,0,0,0,0
RuedigerMoeller_fast-serialization_2.51,0,0,0,0,0,0,0,0
RuedigerMoeller_fast-serialization_2.42,0,0,0,0,0,0,0,0
RuedigerMoeller_fast-serialization_2.56,0,0,0,0,0,0,0,0
RuedigerMoeller_fast-serialization_2.45,0,0,0,0,0,0,0,0
RuedigerMoeller_fast-serialization_2.05,0,0,0,0,0,0,0,0
RuedigerMoeller_fast-serialization_2.57,0,0,0,0,0,0,0,0
lidatui_mybatis-paginator_1.2.15,0,0,0,0,0,0,0,0
lidatui_mybatis-paginator_1.2.17,0,0,0,0,0,0,0,0
bonigarcia_webdrivermanager_2.0.1,14,4312,44,152,111,11,46,79
bonigarcia_webdrivermanager_3.7.1,0,0,0,0,0,0,0,0
bonigarcia_webdrivermanager_3.8.1,1684,5438,27,0,345,86,5308,9954
bonigarcia_webdrivermanager_3.4.0,0,6633,26,0,0,0,0,0
bonigarcia_webdrivermanager_1.6.0,6,5880,15,2,36,24,17,65
bonigarcia_webdrivermanager_1.7.2,14,4054,24,2,32,22,46,79
bonigarcia_webdrivermanager_2.2.5,1140,2904,24,0,213,15,2507,3537
bonigarcia_webdrivermanager_2.1.0,14,4870,41,155,87,11,46,79
bonigarcia_webdrivermanager_3.3.0,0,0,0,0,0,0,0,0
apache_commons-net_3.0.1,0,0,138,62,406,342,0,0
apache_commons-net_3.1,0,0,139,62,411,348,0,0
apache_commons-net_3.3,0,0,143,62,445,391,0,0
apache_commons-net_3.6,0,0,179,39,0,0,0,0
apache_commons-net_3.5,0,0,175,39,0,0,0,0
apache_commons-net_3.2,0,0,141,62,0,0,0,0
apache_commons-net_3.4,0,0,173,41,0,0,0,0
apache_commons-net_2.0,0,0,175,39,0,0,0,0
FasterXML_jackson-module-jaxb-annotations_2.1.2,0,1512,10,3,0,0,0,0
FasterXML_jackson-module-jaxb-annotations_2.6.0,0,1604,11,1,0,0,0,0
FasterXML_jackson-module-jaxb-annotations_2.5.2,0,1594,11,1,0,0,0,0
FasterXML_jackson-module-jaxb-annotations_2.4.2,0,1554,9,3,0,0,0,0
FasterXML_jackson-module-jaxb-annotations_2.6.3,0,1606,11,1,0,0,0,0
FasterXML_jackson-module-jaxb-annotations_2.8.8,0,1654,11,1,0,0,0,0
FasterXML_jackson-module-jaxb-annotations_2.7.4,0,1616,11,1,0,0,0,0
FasterXML_jackson-module-jaxb-annotations_2.8.7,0,1654,11,1,0,0,0,0
FasterXML_jackson-module-jaxb-annotations_2.8.1,0,1650,11,1,0,0,0,0
FasterXML_jackson-module-jaxb-annotations_2.2.2,0,1552,9,3,0,0,0,0
FasterXML_jackson-module-jaxb-annotations_2.2.3,0,1552,9,3,0,0,0,0
FasterXML_jackson-module-jaxb-annotations_2.7.5,0,1616,11,1,0,0,0,0
FasterXML_jackson-module-jaxb-annotations_2.8.4,0,1650,11,1,0,0,0,0
FasterXML_jackson-module-jaxb-annotations_2.1.0,0,1550,9,3,0,0,0,0
FasterXML_jackson-module-jaxb-annotations_2.5.4,0,1594,11,1,0,0,0,0
FasterXML_jackson-module-jaxb-annotations_2.1.5,0,1514,10,3,0,0,0,0
FasterXML_jackson-module-jaxb-annotations_2.6.2,0,1604,11,1,0,0,0,0
j256_ormlite-jdbc_5.0,0,318,37,3,0,0,0,0
j256_ormlite-jdbc_5.1,20,701,37,4,149,61,121,96
j256_ormlite-jdbc_4.48,0,922,41,5,0,0,0,0
j256_ormlite-jdbc_4.40,0,326,37,3,0,0,0,0
perf4j_perf4j_0.9.12,20,3612,96,67,322,65,119,199
perf4j_perf4j_0.9.16,22,3979,113,178,314,78,135,206
apache_commons-exec_1.0.1,0,0,28,5,129,28,0,0
apache_commons-exec_1.0,0,0,26,6,121,28,0,0
apache_commons-exec_1.1,0,0,30,6,150,28,0,0
apache_commons-exec_1.3,0,0,29,8,155,27,0,0
apache_commons-exec_1.2,0,0,30,6,157,28,0,0
zeromq_jeromq_0.3.5,0,0,159,12,0,0,0,0
zeromq_jeromq_0.4.1,120,1804,233,32,1297,568,184,351
zeromq_jeromq_0.3.6,0,0,168,12,1025,486,0,0
zeromq_jeromq_0.3.4,0,0,120,5,718,372,0,0
zeromq_jeromq_0.4.3,16,2,289,23,1840,371,50,5
zeromq_jeromq_0.5.1,0,0,0,0,0,0,0,0
zeromq_jeromq_0.3.2,0,0,138,13,785,364,0,0
xerial_sqlite-jdbc_3.6.20,0,117,27,1,230,523,0,0
xerial_sqlite-jdbc_3.20.1,0,0,79,15,480,733,0,0
xerial_sqlite-jdbc_3.8.10.1,0,0,51,4,352,667,0,0
xerial_sqlite-jdbc_3.16.1,0,0,79,16,469,744,0,0
xerial_sqlite-jdbc_3.15.1,0,0,79,16,466,742,0,0
xerial_sqlite-jdbc_3.21.0,0,0,81,16,494,741,0,0
xerial_sqlite-jdbc_3.28.0,0,0,84,16,544,748,0,0
xerial_sqlite-jdbc_3.20.0,0,0,79,16,469,744,0,0
xerial_sqlite-jdbc_3.8.9.1,0,0,51,4,352,667,0,0
xerial_sqlite-jdbc_3.27.2.1,0,0,84,16,544,748,0,0
xerial_sqlite-jdbc_3.8.11,0,0,75,17,423,748,0,0
xerial_sqlite-jdbc_3.19.3,0,0,79,16,469,744,0,0
xerial_sqlite-jdbc_3.8.10.2,0,0,75,17,421,748,0,0
xerial_sqlite-jdbc_3.30.1,0,0,84,16,546,749,0,0
xerial_sqlite-jdbc_3.14.2,0,0,78,16,446,747,0,0
xerial_sqlite-jdbc_3.8.7,0,0,49,4,339,672,0,0
xerial_sqlite-jdbc_3.14.2.1,0,0,78,16,448,749,0,0
xerial_sqlite-jdbc_3.18.0,0,0,79,16,469,744,0,0
xerial_sqlite-jdbc_3.8.11.1,0,0,75,17,423,748,0,0
xerial_sqlite-jdbc_3.8.6,0,0,49,4,338,671,0,0
xerial_sqlite-jdbc_3.8.11.2,0,0,75,17,423,748,0,0
xerial_sqlite-jdbc_3.21.0.1,0,0,82,16,501,743,0,0
jfree_jfreechart_1.0.19,116,344,558,77,5234,2467,364,238
jkuhnert_ognl_3.2.10,4,842,125,7,760,259,55,52
jkuhnert_ognl_3.2.6,20,778,125,7,823,273,118,231
jkuhnert_ognl_3.2.12,4,842,131,7,125,53,55,52
jkuhnert_ognl_3.1.12,20,778,126,7,833,270,118,231
jkuhnert_ognl_3.1.2,20,674,124,6,811,275,117,211
jkuhnert_ognl_3.1.4,20,778,126,7,825,272,118,231
jkuhnert_ognl_3.1.23,20,778,126,7,841,272,118,231
omalley_base64_2.3.9,0,0,4,0,21,24,0,0
omalley_base64_2.3.8,0,0,4,0,21,24,0,0
JodaOrg_joda-time-hibernate_1.3,78,4165,23,15,0,0,695,1440
FasterXML_jackson-datatype-jsr310_2.7.6,0,1442,52,1,0,0,0,0
FasterXML_jackson-datatype-jsr310_2.4.2,0,1378,29,0,0,0,0,0
FasterXML_jackson-datatype-jsr310_2.7.1,0,1436,52,1,0,0,0,0
FasterXML_jackson-datatype-jsr310_2.4.0,0,1378,29,0,0,0,0,0
FasterXML_jackson-datatype-jsr310_2.6.4,0,1430,50,1,0,0,0,0
FasterXML_jackson-datatype-jsr310_2.5.1,0,1414,33,0,0,0,0,0
FasterXML_jackson-datatype-jsr310_2.7.4,0,1440,52,1,0,0,0,0
FasterXML_jackson-datatype-jsr310_2.6.1,0,1428,52,1,0,0,0,0
FasterXML_jackson-datatype-jsr310_2.4.5,0,1376,32,0,0,0,0,0
FasterXML_jackson-datatype-jsr310_2.4.4,0,1378,32,0,0,0,0,0
FasterXML_jackson-datatype-jsr310_2.7.5,0,1440,52,1,0,0,0,0
josephw_jBCrypt_0.3m,0,0,1,0,16,0,0,0
jhy_jsoup_1.7.3,0,0,219,7,1068,232,0,0
jhy_jsoup_1.6.1,0,0,194,4,917,217,0,0
jhy_jsoup_1.6.2,0,0,199,7,952,224,0,0
jhy_jsoup_1.11.1,0,0,237,10,0,0,0,0
jhy_jsoup_1.10.2,0,0,225,13,0,0,0,0
jhy_jsoup_1.5.2,0,0,83,3,572,154,0,0
jhy_jsoup_1.12.1,0,0,243,8,0,0,0,0
jhy_jsoup_1.6.0,0,0,191,4,898,223,0,0
jhy_jsoup_1.12.2,0,0,244,7,0,0,0,0
jhy_jsoup_1.10.1,0,0,224,13,0,0,0,0
jhy_jsoup_1.7.2,0,0,217,7,1030,233,0,0
jhy_jsoup_1.11.3,0,0,242,11,0,0,0,0
jhy_jsoup_1.6.3,0,0,199,7,967,217,0,0
jhy_jsoup_1.11.2,0,0,240,11,0,0,0,0
jhy_jsoup_1.9.1,0,0,222,13,0,0,0,0
jhy_jsoup_1.7.1,0,0,201,7,975,216,0,0
jhy_jsoup_1.9.2,0,0,222,13,0,0,0,0
jhy_jsoup_1.10.3,0,0,228,13,0,0,0,0
jhy_jsoup_1.4.1,0,0,71,4,563,102,0,0
jhy_jsoup_1.8.1,0,0,220,7,0,0,0,0
jhy_jsoup_1.8.3,0,0,221,13,0,0,0,0
jhy_jsoup_1.13.1,0,0,242,7,0,0,0,0
jhy_jsoup_1.8.2,0,0,220,13,0,0,0,0
google_gson_2.3.1,0,0,162,3,789,123,0,0
google_gson_2.2.4,0,0,150,3,730,102,0,0
google_gson_1.6,0,0,129,5,639,113,0,0
google_gson_2.1,0,0,149,6,724,95,0,0
google_gson_2.4,0,0,0,0,0,0,0,0
google_gson_2.5,0,0,0,0,0,0,0,0
google_gson_2.2.1,0,0,149,6,724,95,0,0
google_gson_2.2,0,0,149,6,724,95,0,0
google_gson_1.7.2,0,0,133,3,698,89,0,0
google_gson_1.4,0,0,125,5,671,145,0,0
google_gson_2.2.2,0,0,149,6,724,95,0,0
google_gson_2.2.3,0,0,152,3,736,106,0,0
google_gson_1.3,0,0,120,4,636,139,0,0
google_gson_1.7.1,0,0,133,3,698,89,0,0
google_gson_2.3,0,0,162,3,787,122,0,0
google_gson_2.0,0,0,168,4,754,95,0,0
google_gson_1.5,0,0,133,5,704,148,0,0
EsotericSoftware_yamlbeans_1.09,0,0,117,1,327,100,0,0
EsotericSoftware_yamlbeans_1.06,0,0,117,1,325,101,0,0
EsotericSoftware_yamlbeans_1.11,0,0,118,1,349,97,0,0
EsotericSoftware_yamlbeans_1.12,0,0,119,0,362,91,0,0
apache_commons-cli_1.4,0,0,25,2,0,0,0,0
apache_commons-cli_1.2,0,0,21,1,201,8,0,0
jqno_equalsverifier_1.7.3,27,264,70,4,373,5,195,125
jqno_equalsverifier_3.1.9,1085,6254,93,1,561,13,2589,3843
jqno_equalsverifier_2.4.2,748,3398,128,4,611,9,1475,1919
jqno_equalsverifier_1.7.5,27,264,76,4,393,5,192,128
jqno_equalsverifier_1.7.6,0,291,76,4,0,0,0,0
jqno_equalsverifier_2.4.6,754,3643,130,4,617,9,1498,1964
jqno_equalsverifier_2.4.5,754,3423,128,4,611,9,1498,1963
jqno_equalsverifier_3.1.11,1097,6321,94,1,562,13,2619,3867
jqno_equalsverifier_3.1.10,1097,6323,94,1,562,13,2619,3866
jqno_equalsverifier_3.1.12,1097,6339,94,1,562,13,2619,3867
jqno_equalsverifier_1.7.4,27,264,76,4,390,5,192,128
jqno_equalsverifier_2.3.2,742,3394,124,4,591,9,1466,1889
jqno_equalsverifier_2.4.3,748,3398,128,4,611,9,1475,1919
jqno_equalsverifier_3.1.4,1070,6252,92,1,559,13,2546,3696
jqno_equalsverifier_1.7.1,27,264,68,4,347,5,193,127
jqno_equalsverifier_3.1.8,1073,6249,93,1,561,13,2571,3820
jqno_equalsverifier_2.1.7,708,3107,124,4,579,8,1419,1854
jqno_equalsverifier_1.7.8,30,1407,76,4,393,5,216,145
jettison-json_jettison_1.0-alpha-1,2,278,19,9,0,0,13,9
jettison-json_jettison_1.0.1,0,80,25,5,164,198,0,0
jettison-json_jettison_1.3.5,0,80,44,3,283,189,0,0
jettison-json_jettison_1.3.3,0,80,43,4,259,196,0,0
jettison-json_jettison_1.3.2,0,80,42,4,243,198,0,0
jettison-json_jettison_1.1,0,80,37,3,211,189,0,0
jettison-json_jettison_1.3.7,0,80,44,3,297,194,0,0
jettison-json_jettison_1.3.8,0,80,44,3,298,195,0,0
jettison-json_jettison_1.3.6,0,80,44,3,294,190,0,0
jettison-json_jettison_1.4.0,0,0,44,3,299,196,0,0
jettison-json_jettison_1.3.4,0,80,44,4,275,193,0,0
jettison-json_jettison_1.2,0,80,41,3,228,195,0,0
jettison-json_jettison_1.3.1,0,80,41,4,229,194,0,0
rabbitmq_rabbitmq-java-client_2.3.1,0,0,0,0,0,0,0,0
rabbitmq_rabbitmq-java-client_3.0.1,0,0,0,0,0,0,0,0
rabbitmq_rabbitmq-java-client_3.3.4,0,0,0,0,0,0,0,0
rabbitmq_rabbitmq-java-client_2.7.1,0,0,0,0,0,0,0,0
rabbitmq_rabbitmq-java-client_2.8.2,0,0,0,0,0,0,0,0
rabbitmq_rabbitmq-java-client_3.4.4,0,0,0,0,0,0,0,0
rabbitmq_rabbitmq-java-client_3.1.1,0,0,0,0,0,0,0,0
rabbitmq_rabbitmq-java-client_3.4.3,0,0,0,0,0,0,0,0
rabbitmq_rabbitmq-java-client_2.7.0,0,0,0,0,0,0,0,0
rabbitmq_rabbitmq-java-client_2.8.7,0,0,0,0,0,0,0,0
rabbitmq_rabbitmq-java-client_3.3.1,0,0,0,0,0,0,0,0
rabbitmq_rabbitmq-java-client_2.8.1,0,0,0,0,0,0,0,0
rabbitmq_rabbitmq-java-client_3.5.4,0,0,0,0,0,0,0,0
rabbitmq_rabbitmq-java-client_3.5.3,0,0,0,0,0,0,0,0
rabbitmq_rabbitmq-java-client_3.6.1,0,0,0,0,0,0,0,0
rabbitmq_rabbitmq-java-client_2.8.4,0,0,0,0,0,0,0,0
rabbitmq_rabbitmq-java-client_3.6.3,0,0,0,0,0,0,0,0
rabbitmq_rabbitmq-java-client_3.0.4,0,0,0,0,0,0,0,0
rabbitmq_rabbitmq-java-client_3.3.5,0,0,0,0,0,0,0,0
rabbitmq_rabbitmq-java-client_3.5.1,0,0,0,0,0,0,0,0
rabbitmq_rabbitmq-java-client_3.4.1,0,0,0,0,0,0,0,0
rabbitmq_rabbitmq-java-client_3.2.2,0,0,0,0,0,0,0,0
magro_kryo-serializers_0.27,418,1886,48,3,220,18,1830,3353
magro_kryo-serializers_0.43,0,4767,77,4,0,0,0,0
magro_kryo-serializers_0.42,0,4456,72,4,0,0,0,0
magro_kryo-serializers_0.37,60,4468,57,3,115,46,191,171
magro_kryo-serializers_0.26,363,1939,45,3,204,20,1459,2942
magro_kryo-serializers_0.28,60,3930,49,3,109,43,189,170
magro_kryo-serializers_0.45,0,4785,87,4,0,0,0,0
magro_kryo-serializers_0.29,60,3914,49,3,109,43,192,170
magro_kryo-serializers_0.41,0,4456,71,4,0,0,0,0
magro_kryo-serializers_0.38,60,4468,58,3,115,46,191,171
bcourtine_opencsv_2.0,0,0,7,0,42,6,0,0
ryantenney_metrics-spring_3.1.3,18,9171,0,0,0,0,0,0
ryantenney_metrics-spring_3.0.3,18,7378,69,44,0,0,158,75
ryantenney_metrics-spring_3.0.0-RC4,18,7374,70,44,0,0,157,75
ryantenney_metrics-spring_3.0.0-RC1,38,4561,57,38,0,0,196,123
DiUS_java-faker_0.16,0,1002,76,0,0,0,0,0
DiUS_java-faker_0.18,282,720,82,0,596,18,588,1054
DiUS_java-faker_1.0.1,0,1002,93,0,0,0,0,0
DiUS_java-faker_0.7,238,438,18,0,82,28,406,623
DiUS_java-faker_0.4,4,728,12,0,29,0,9,19
DiUS_java-faker_0.13,278,714,49,0,397,14,540,1046
DiUS_java-faker_0.8,246,430,19,0,91,27,435,854
DiUS_java-faker_0.15,282,720,66,0,491,15,568,1056
DiUS_java-faker_0.2,282,720,95,0,691,12,593,1049
FasterXML_jackson-datatype-jdk8_2.5.3,2,1416,12,0,0,0,2,2
FasterXML_jackson-datatype-jdk8_2.7.1,4,1432,16,0,0,0,6,3
FasterXML_jackson-datatype-jdk8_2.6.1,6,1422,16,0,0,0,9,4
FasterXML_jackson-datatype-jdk8_2.4.4,2,1376,12,0,0,0,2,2
codelibs_elasticsearch-cluster-runner_2.0.0.0,0,0,0,0,0,0,0,0
codelibs_elasticsearch-cluster-runner_5.4.1.0,9,40814,47,160,57,14,33,13
codelibs_elasticsearch-cluster-runner_5.6.8.0,0,0,0,0,0,0,0,0
codelibs_elasticsearch-cluster-runner_2.4.0.0,0,0,0,0,0,0,0,0
codelibs_elasticsearch-cluster-runner_1.4.0.0,0,0,0,0,0,0,0,0
codelibs_elasticsearch-cluster-runner_2.3.0.0,0,0,0,0,0,0,0,0
eveardown_jose4j_0.5.5,14,54,174,14,911,137,43,35
eveardown_jose4j_0.5.7,14,54,175,14,926,137,43,35
eveardown_jose4j_0.5.0,0,48,173,14,713,99,0,0
eveardown_jose4j_0.7.0,14,54,181,15,976,136,43,35
eveardown_jose4j_0.4.4,0,48,168,12,664,97,0,0
eveardown_jose4j_0.5.1,0,48,174,14,721,99,0,0
eveardown_jose4j_0.6.5,14,54,178,15,952,137,43,35
eveardown_jose4j_0.6.0,14,54,178,15,946,139,43,35
HtmlUnit_htmlunit_2.9,0,0,0,0,0,0,0,0
HtmlUnit_htmlunit_2.15,0,0,0,0,0,0,0,0
HtmlUnit_htmlunit_2.12,0,0,0,0,0,0,0,0
srikanth-lingala_zip4j_2.1.2,0,0,39,56,184,214,0,0
openbouquet_HikariCP_2.6.0,0,0,0,0,0,0,0,0
openbouquet_HikariCP_3.2.0,0,0,0,0,0,0,0,0
openbouquet_HikariCP_3.0.0,0,0,0,0,0,0,0,0
openbouquet_HikariCP_2.3.5,0,0,0,0,0,0,0,0
openbouquet_HikariCP_2.4.1,0,0,0,0,0,0,0,0
openbouquet_HikariCP_1.3.5,0,0,0,0,0,0,0,0
openbouquet_HikariCP_2.4.0,0,0,0,0,0,0,0,0
openbouquet_HikariCP_2.3.7,0,0,0,0,0,0,0,0
openbouquet_HikariCP_1.2.8,0,0,0,0,0,0,0,0
openbouquet_HikariCP_2.2.2,0,0,0,0,0,0,0,0
openbouquet_HikariCP_1.3.8,0,0,0,0,0,0,0,0
openbouquet_HikariCP_2.5.0,0,0,0,0,0,0,0,0
openbouquet_HikariCP_2.2.5,0,0,0,0,0,0,0,0
openbouquet_HikariCP_1.4.0,0,0,0,0,0,0,0,0
openbouquet_HikariCP_3.1.0,0,0,0,0,0,0,0,0
openbouquet_HikariCP_2.3.8,0,0,0,0,0,0,0,0
openbouquet_HikariCP_3.3.0,0,0,0,0,0,0,0,0
zeroturnaround_zt-exec_1.11,0,46,43,9,107,52,0,0
zeroturnaround_zt-exec_1.7,0,198,34,2,54,34,0,0
zeroturnaround_zt-exec_1.8,0,198,39,6,74,43,0,0
zeroturnaround_zt-exec_1.9,0,198,41,7,87,48,0,0
zeroturnaround_zt-exec_1.10,0,198,41,9,98,50,0,0
wg_scrypt_1.3.2,0,0,0,0,0,0,0,0
wg_scrypt_1.4.0,0,0,0,0,0,0,0,0
ronmamo_reflections_0.9.10,8,5311,81,15,213,77,21,48
ronmamo_reflections_0.9.12,110,1194,51,3,331,70,226,636
ronmamo_reflections_0.9.11,34,5062,81,9,261,81,75,248
ronmamo_reflections_0.9.9,8,5295,83,14,214,79,21,48
MariaDB_mariadb-connector-j_1.5.5,0,2773,63,137,114,211,0,0
MariaDB_mariadb-connector-j_2.5.3,9,6073,0,0,0,0,0,0
MariaDB_mariadb-connector-j_2.2.0,8,2733,73,133,187,375,8,33
MariaDB_mariadb-connector-j_2.4.2,0,0,0,0,0,0,0,0
MariaDB_mariadb-connector-j_2.4.0,9,1870,77,148,196,401,14,55
MariaDB_mariadb-connector-j_2.5.1,0,0,0,0,0,0,0,0
MariaDB_mariadb-connector-j_1.4.3,0,783,54,117,97,156,0,0
MariaDB_mariadb-connector-j_2.2.3,8,2733,76,146,205,400,8,33
MariaDB_mariadb-connector-j_1.5.7,0,2773,61,139,115,215,0,0
MariaDB_mariadb-connector-j_2.3.0,9,1691,78,147,209,407,14,53
MariaDB_mariadb-connector-j_1.8.0,0,2920,78,154,0,0,0,0
MariaDB_mariadb-connector-j_1.5.4,0,2773,63,137,112,211,0,0
skyscreamer_JSONassert_1.2.1,8,30,13,0,85,14,43,93
skyscreamer_JSONassert_1.2.3,8,30,19,0,106,15,45,91
skyscreamer_JSONassert_1.3.0,8,30,19,0,108,17,45,91
skyscreamer_JSONassert_1.2.0,14,882,10,0,60,18,49,157
skyscreamer_JSONassert_1.2.2,8,30,14,0,88,14,43,93
skyscreamer_JSONassert_1.5.0,14,2,20,0,140,16,57,96
10cella_hashids-java_1.0.1,0,0,1,0,11,8,0,0
logstash_logstash-logback-encoder_6.2,729,2571,180,29,946,393,2365,4257
logstash_logstash-logback-encoder_5.3,693,2062,195,162,874,386,2295,4461
logstash_logstash-logback-encoder_4.9,108,2831,154,160,403,237,266,431
logstash_logstash-logback-encoder_5.2,695,2060,195,162,868,380,2284,4466
logstash_logstash-logback-encoder_4.5.1,0,2890,141,162,0,0,0,0
logstash_logstash-logback-encoder_4.7,108,2810,153,154,379,226,259,413
logstash_logstash-logback-encoder_4.11,118,2909,170,157,457,245,284,437
logstash_logstash-logback-encoder_1.2,0,2938,18,150,0,0,0,0
aliyun_aliyun-oss-java-sdk_2.6.0,296,3248,269,75,824,755,545,932
aliyun_aliyun-oss-java-sdk_2.8.2,296,3248,272,75,828,766,545,932
aliyun_aliyun-oss-java-sdk_3.4.2,0,0,0,0,0,0,0,0
aliyun_aliyun-oss-java-sdk_2.7.0,296,3248,272,75,827,763,545,932
aliyun_aliyun-oss-java-sdk_2.8.3,296,1506,272,75,828,766,545,932
aliyun_aliyun-oss-java-sdk_2.8.1,296,3248,272,75,827,766,545,932
aliyun_aliyun-oss-java-sdk_2.3.0,296,3248,241,67,806,660,545,932
aliyun_aliyun-oss-java-sdk_3.1.0,0,0,0,0,0,0,0,0
apache_commons-dbutils_1.6,0,0,44,8,267,28,0,0
apache_commons-dbutils_1.0,0,0,35,5,0,0,0,0
apache_commons-dbutils_1.4,0,0,28,2,208,31,0,0
apache_commons-dbutils_1.3,0,0,23,2,150,35,0,0
apache_commons-dbutils_1.5,0,0,29,2,215,31,0,0
fangyidong_json-simple_1.1.1,0,546,11,1,0,0,0,0
jfree_jcommon_1.0.24,0,0,71,138,248,236,0,0
jfree_jcommon_1.0.23,0,0,71,138,245,239,0,0
xetorthio_jedis_3.0.1,50,170,112,408,380,1391,150,177
xetorthio_jedis_2.9.0,32,104,106,385,354,1364,114,142
xetorthio_jedis_2.7.1,30,102,86,167,260,1227,110,141
xetorthio_jedis_2.8.2,32,104,104,381,288,1353,114,142
xetorthio_jedis_2.6.3,30,102,85,162,248,1202,110,141
xetorthio_jedis_3.2.0,44,178,119,454,411,1529,150,179
xetorthio_jedis_2.7.2,30,102,86,167,260,1227,110,141
xetorthio_jedis_3.0.0,40,180,108,385,363,1356,122,158
xetorthio_jedis_2.7.0,30,102,85,166,259,1227,110,141
xetorthio_jedis_1.5.2,22,88,41,9,118,691,41,113
xetorthio_jedis_1.5.1,14,96,37,9,111,662,31,111
xetorthio_jedis_2.6.1,22,108,84,160,235,1197,81,125
xetorthio_jedis_2.9.2,40,180,108,385,363,1356,122,158
xetorthio_jedis_2.10.2,50,170,111,420,377,1454,150,177
xetorthio_jedis_2.8.1,32,104,102,381,280,1355,114,142
xetorthio_jedis_2.2.1,22,88,73,19,162,1028,42,113
xetorthio_jedis_2.8.0,30,102,102,375,296,1346,111,140
xetorthio_jedis_2.1.0,22,88,73,19,162,1028,42,113
xetorthio_jedis_3.1.0,44,178,118,446,409,1502,150,179
xetorthio_jedis_1.5.0,14,96,37,9,111,648,31,111
xetorthio_jedis_2.7.3,30,102,87,166,284,1239,111,140
xetorthio_jedis_2.0.0,44,178,119,454,411,1529,150,179
xetorthio_jedis_2.6.2,26,104,84,160,237,1195,95,137
jai-imageio_jai-imageio-core_1.2.1,0,0,270,68,502,263,0,0
jai-imageio_jai-imageio-core_1.3.0,0,0,269,69,500,265,0,0
jai-imageio_jai-imageio-core_1.4.0,0,0,278,61,620,382,0,0
jai-imageio_jai-imageio-core_1.3.1,0,0,278,60,514,319,0,0
apache_commons-jxpath_1.3,52,1221,176,4,1220,219,229,352
coobird_thumbnailator_0.4.7,0,0,0,0,0,0,0,0
coobird_thumbnailator_0.4.8,0,0,100,2,421,94,0,0
coobird_thumbnailator_0.4.2,0,0,0,0,0,0,0,0
coobird_thumbnailator_0.4.5,0,0,0,0,0,0,0,0
coobird_thumbnailator_0.4.4,0,0,0,0,0,0,0,0
jnr_jnr-ffi_2.0.9,26,606,446,179,243,321,57,231
jnr_jnr-ffi_0.7.4,26,594,348,92,97,74,62,226
jnr_jnr-ffi_2.1.12,36,762,0,0,265,314,83,240
jnr_jnr-ffi_1.0.7,22,594,442,176,230,314,53,231
jnr_jnr-ffi_2.1.0,26,606,470,163,264,314,62,226
jnr_jnr-ffi_2.0.5,26,606,446,179,243,321,57,231
jnr_jnr-ffi_2.1.9,26,702,484,166,265,314,62,226
jnr_jnr-ffi_0.6.0,26,606,446,179,243,321,57,231
zeroturnaround_zt-zip_1.6,0,198,21,7,45,31,0,0
zeroturnaround_zt-zip_1.0,0,198,9,4,13,32,0,0
zeroturnaround_zt-zip_1.13,0,46,82,3,327,72,0,0
zeroturnaround_zt-zip_1.7,0,198,48,1,116,34,0,0
zeroturnaround_zt-zip_1.8,0,46,58,1,177,45,0,0
zeroturnaround_zt-zip_1.9,0,46,78,3,288,62,0,0
zeroturnaround_zt-zip_1.12,0,46,82,3,327,72,0,0
zeroturnaround_zt-zip_1.5,0,198,21,7,46,31,0,0
apache_commons-math_2.1,0,0,541,18,3684,566,0,0
apache_commons-math_2.2,0,0,610,19,4229,686,0,0
Bukkit_Bukkit_1.7.9-R0.2,252,5582,486,252,494,324,494,721
Bukkit_Bukkit_1.6.4-R2.0,254,5580,469,245,491,302,490,725
Bukkit_Bukkit_1.3.1-R1.0,258,5576,378,223,452,268,502,746
Bukkit_Bukkit_1.1-R3,250,5584,261,327,290,160,482,365
Bukkit_Bukkit_1.7.2-R0.1,254,5580,471,246,495,322,490,725
Bukkit_Bukkit_1.2.5-R1.0,258,5576,327,250,450,269,501,747
Bukkit_Bukkit_1.4.7-R1.0,254,5580,427,236,461,262,490,725
Bukkit_Bukkit_1.5.2-R0.1,254,5580,449,242,464,262,490,725
Bukkit_Bukkit_1.7.2-R0.3,254,5580,482,248,497,323,491,724
Bukkit_Bukkit_1.5.2-R1.0,254,5580,452,246,464,262,490,725
apache_commons-bcel_6.2,0,0,399,34,0,0,0,0
apache_commons-bcel_6.4.1,0,0,127,317,0,0,0,0
apache_commons-bcel_6.0,0,0,397,34,0,0,0,0
julman99_gson-fire_1.5.1,212,118,56,5,162,15,389,331
julman99_gson-fire_1.8.0,228,120,67,5,198,24,420,366
julman99_gson-fire_1.8.3,234,114,68,5,201,24,444,351
julman99_gson-fire_1.8.2,234,114,68,5,199,24,438,357
bguerout_jongo_1.3.0,0,2652,93,9,0,0,0,0
bguerout_jongo_1.1,0,1919,84,8,0,0,0,0
bguerout_jongo_1.4.0,1353,1695,96,9,378,18,5903,6729
TooTallNate_Java-WebSocket_1.3.0,0,0,33,27,0,0,0,0
TooTallNate_Java-WebSocket_1.3.7,0,0,59,10,286,132,0,0
TooTallNate_Java-WebSocket_1.3.8,0,0,59,10,295,130,0,0
TooTallNate_Java-WebSocket_1.3.9,0,0,59,10,297,132,0,0
TooTallNate_Java-WebSocket_1.4.0,12,56,66,3,406,113,27,50
TooTallNate_Java-WebSocket_1.3.4,0,0,46,23,50,15,0,0
felx_nimbus-jose-jwt_4.16.2,0,0,0,0,0,0,0,0
felx_nimbus-jose-jwt_4.23,0,0,0,0,0,0,0,0
felx_nimbus-jose-jwt_8.0,0,0,0,0,0,0,0,0
felx_nimbus-jose-jwt_4.26.1,0,0,0,0,0,0,0,0
felx_nimbus-jose-jwt_4.11.2,0,0,0,0,0,0,0,0
felx_nimbus-jose-jwt_4.15.1,0,0,0,0,0,0,0,0
felx_nimbus-jose-jwt_2.24,492,4212,98,1,606,87,812,580
felx_nimbus-jose-jwt_8.2,700,4388,105,1,722,93,1385,1301
felx_nimbus-jose-jwt_4.41,0,0,0,0,0,0,0,0
JSQLParser_JSqlParser_2.1,0,0,0,0,0,0,0,0
JSQLParser_JSqlParser_1.0,0,0,0,0,0,0,0,0
JSQLParser_JSqlParser_0.9,0,556,113,47,0,0,0,0
JSQLParser_JSqlParser_1.4,0,0,0,0,0,0,0,0
JSQLParser_JSqlParser_1.2,0,0,0,0,0,0,0,0
jopt-simple_jopt-simple_5.0.3,0,0,59,0,0,0,0,0
jopt-simple_jopt-simple_4.0-beta1,0,0,46,0,265,6,0,0
jopt-simple_jopt-simple_4.8,0,0,47,0,0,0,0,0
jopt-simple_jopt-simple_4.5,0,0,47,0,313,8,0,0
jopt-simple_jopt-simple_4.9,0,0,48,0,0,0,0,0
jopt-simple_jopt-simple_4.4,0,0,45,0,278,8,0,0
jopt-simple_jopt-simple_5.0.2,0,0,59,0,0,0,0,0
jopt-simple_jopt-simple_4.3,0,0,44,0,266,6,0,0
jopt-simple_jopt-simple_5.0.1,0,0,59,0,0,0,0,0
FasterXML_jackson-dataformat-csv_2.3.3,0,1306,28,2,0,0,0,0
FasterXML_jackson-dataformat-csv_2.5.3,0,1314,32,1,61,39,0,0
FasterXML_jackson-dataformat-csv_2.8.8,8,1470,30,0,84,47,10,30
FasterXML_jackson-dataformat-csv_2.4.4,0,1276,29,2,47,26,0,0
FasterXML_jackson-dataformat-csv_2.7.3,8,1312,31,1,84,45,10,30
jboss-javassist_javassist_3.17.1-GA,0,0,0,0,0,0,0,0
jboss-javassist_javassist_3.21.0-GA,0,0,0,0,0,0,0,0
jboss-javassist_javassist_3.18.0-GA,0,0,0,0,0,0,0,0
jboss-javassist_javassist_3.18.1-GA,0,0,0,0,0,0,0,0
jboss-javassist_javassist_3.19.0-GA,0,0,0,0,0,0,0,0
jboss-javassist_javassist_3.16.1-GA,0,4694,353,188,0,0,0,0
jboss-javassist_javassist_3.18.2-GA,0,0,0,0,0,0,0,0
jboss-javassist_javassist_3.20.0-GA,0,0,0,0,0,0,0,0
dnsjava_dnsjava_2.1.8,0,0,148,42,0,0,0,0
dnsjava_dnsjava_3.0.0,0,0,0,0,0,0,0,0
dnsjava_dnsjava_2.1.6,0,0,143,39,0,0,0,0
dnsjava_dnsjava_2.1.7,0,0,146,38,0,0,0,0
dnsjava_dnsjava_2.1.9,0,0,150,42,889,431,0,0
jpush_jpush-api-java-client_3.3.4,160,7024,50,37,147,113,244,288
jpush_jpush-api-java-client_3.1.1,164,4188,45,24,160,70,255,332
jpush_jpush-api-java-client_3.1.3,166,4186,47,25,128,48,259,332
jpush_jpush-api-java-client_3.2.3,152,226,48,30,128,96,235,263
jpush_jpush-api-java-client_3.3.10,162,6564,50,38,146,116,250,308
jpush_jpush-api-java-client_3.2.9,148,230,63,38,165,152,169,293
jpush_jpush-api-java-client_3.2.11,160,10255,58,125,137,114,254,274
